candidate_id,status,source_type,source_id,feed_url,retrieved_at,max_bm25,is_gap,gap_reason,suggested_tactic_ids,bridge_rationales,source_urls,promoted_pr_url,rejected_reason
candidate-rss-4d6b427ff23fe818,candidate,,,https://github.com/Significant-Gravitas/AutoGPT/releases.atom,2026-05-12T11:22:33Z,115.60688325800572,0,not_gap,detect;isolate;model,,https://github.com/Significant-Gravitas/AutoGPT/releases/tag/autogpt-platform-beta-v0.6.59,,
candidate-rss-ef2cafa4fd312adc,candidate,,,https://github.com/Significant-Gravitas/AutoGPT/releases.atom,2026-05-12T11:22:33Z,96.05610470288953,0,not_gap,isolate;model,,https://github.com/Significant-Gravitas/AutoGPT/releases/tag/autogpt-platform-beta-v0.6.58,,
candidate-rss-da800ded76339932,candidate,,,https://github.com/Significant-Gravitas/AutoGPT/releases.atom,2026-05-12T11:22:33Z,120.02690225078577,0,not_gap,harden;isolate;model,,https://github.com/Significant-Gravitas/AutoGPT/releases/tag/autogpt-platform-beta-v0.6.57,,
candidate-rss-8748dc0f04d2e27b,candidate,,,https://github.com/Significant-Gravitas/AutoGPT/releases.atom,2026-05-12T11:22:33Z,32.04972985439025,0,not_gap,detect;harden;model,,https://github.com/Significant-Gravitas/AutoGPT/releases/tag/autogpt-platform-beta-v0.6.56,,
candidate-rss-725630e2696f0aa2,candidate,,,https://github.com/Significant-Gravitas/AutoGPT/releases.atom,2026-05-12T11:22:33Z,140.48471460568987,0,not_gap,harden;isolate;model,,https://github.com/Significant-Gravitas/AutoGPT/releases/tag/autogpt-platform-beta-v0.6.55,,
candidate-rss-6c5662e2e3ac9d53,candidate,,,https://github.com/Significant-Gravitas/AutoGPT/releases.atom,2026-05-12T11:22:33Z,120.03184521144729,0,not_gap,harden;model,,https://github.com/Significant-Gravitas/AutoGPT/releases/tag/autogpt-platform-beta-v0.6.54,,
candidate-rss-1d088ddd868e9fb0,candidate,,,https://github.com/Significant-Gravitas/AutoGPT/releases.atom,2026-05-12T11:22:33Z,141.45346499461382,0,not_gap,harden;model,,https://github.com/Significant-Gravitas/AutoGPT/releases/tag/autogpt-platform-beta-v0.6.53,,
candidate-rss-569eb2d32a91cc5f,candidate,,,https://github.com/Significant-Gravitas/AutoGPT/releases.atom,2026-05-12T11:22:33Z,107.97109731134032,0,not_gap,harden;model,,https://github.com/Significant-Gravitas/AutoGPT/releases/tag/autogpt-platform-beta-v0.6.52,,
candidate-rss-ec8d85ddfb48a971,candidate,,,https://github.com/Significant-Gravitas/AutoGPT/releases.atom,2026-05-12T11:22:33Z,124.75115464931321,0,not_gap,harden;isolate;model,,https://github.com/Significant-Gravitas/AutoGPT/releases/tag/autogpt-platform-beta-v0.6.51,,
candidate-rss-c07655f60872b7fe,candidate,,,https://github.com/Significant-Gravitas/AutoGPT/releases.atom,2026-05-12T11:22:33Z,92.68613045158203,0,not_gap,harden;model,,https://github.com/Significant-Gravitas/AutoGPT/releases/tag/autogpt-platform-beta-v0.6.50,,
candidate-rss-84a332ac02f803f0,candidate,,,https://github.com/open-webui/open-webui/releases.atom,2026-05-12T11:22:26Z,198.4286133014717,0,not_gap,harden;model,,https://github.com/open-webui/open-webui/releases/tag/v0.9.5,,
candidate-rss-e06cd9202015106a,candidate,,,https://github.com/open-webui/open-webui/releases.atom,2026-05-12T11:22:26Z,24.843246187954446,0,not_gap,detect;evict;isolate,,https://github.com/open-webui/open-webui/releases/tag/v0.9.4,,
candidate-rss-9e02d3838d0491f3,candidate,,,https://github.com/open-webui/open-webui/releases.atom,2026-05-12T11:22:26Z,216.91530054134213,0,not_gap,harden;model,,https://github.com/open-webui/open-webui/releases/tag/v0.9.3,,
candidate-rss-7c9a948d4b83194a,candidate,,,https://github.com/open-webui/open-webui/releases.atom,2026-05-12T11:22:26Z,147.23133856510935,0,not_gap,harden;model,,https://github.com/open-webui/open-webui/releases/tag/v0.9.2,,
candidate-rss-0efdfe2df2c8d7f9,candidate,,,https://github.com/open-webui/open-webui/releases.atom,2026-05-12T11:22:26Z,54.47260342949805,0,not_gap,detect;harden;model,,https://github.com/open-webui/open-webui/releases/tag/v0.9.1,,
candidate-rss-ad64d563349d802c,candidate,,,https://github.com/open-webui/open-webui/releases.atom,2026-05-12T11:22:26Z,188.28927356310845,0,not_gap,harden;model,,https://github.com/open-webui/open-webui/releases/tag/v0.9.0,,
candidate-rss-6fbcde5e5d6f4d12,candidate,,,https://github.com/open-webui/open-webui/releases.atom,2026-05-12T11:22:26Z,93.83143825040693,0,not_gap,harden;model,,https://github.com/open-webui/open-webui/releases/tag/v0.8.12,,
candidate-rss-990eea506fb6a3c3,candidate,,,https://github.com/open-webui/open-webui/releases.atom,2026-05-12T11:22:26Z,169.76567373296547,0,not_gap,harden;isolate;model,,https://github.com/open-webui/open-webui/releases/tag/v0.8.11,,
candidate-rss-f99623926a410d7f,candidate,,,https://github.com/open-webui/open-webui/releases.atom,2026-05-12T11:22:26Z,125.37652041110474,0,not_gap,harden;model,,https://github.com/open-webui/open-webui/releases/tag/v0.8.10,,
candidate-rss-bb37982a330320ef,candidate,,,https://github.com/open-webui/open-webui/releases.atom,2026-05-12T11:22:26Z,155.72246012877991,0,not_gap,harden;model,,https://github.com/open-webui/open-webui/releases/tag/v0.8.9,,
candidate-rss-0bc2527d5faee62d,candidate,,,https://github.com/run-llama/llama_index/releases.atom,2026-05-12T11:22:18Z,65.97380801069949,0,not_gap,detect;harden;restore,,https://github.com/run-llama/llama_index/releases/tag/v0.14.21,,
candidate-rss-fa058186a803e0c9,candidate,,,https://github.com/run-llama/llama_index/releases.atom,2026-05-12T11:22:18Z,92.4617554781782,0,not_gap,harden;model;restore,,https://github.com/run-llama/llama_index/releases/tag/v0.14.20,,
candidate-rss-0f62631884f5f55b,candidate,,,https://github.com/run-llama/llama_index/releases.atom,2026-05-12T11:22:18Z,99.01752326290219,0,not_gap,harden;model;restore,,https://github.com/run-llama/llama_index/releases/tag/v0.14.19,,
candidate-rss-1986521ad88542be,candidate,,,https://github.com/run-llama/llama_index/releases.atom,2026-05-12T11:22:18Z,82.67087763341475,0,not_gap,harden;model;restore,,https://github.com/run-llama/llama_index/releases/tag/v0.14.18,,
candidate-rss-6c3c4cf2111ae270,candidate,,,https://github.com/run-llama/llama_index/releases.atom,2026-05-12T11:22:18Z,98.4544259221389,0,not_gap,harden;isolate;model,"CWE-502: Deserialization of untrusted data — pickle attacks on model weights, joblib/numpy artifacts; harden via safetensors, isolate load context. (conf 0.85; src https://cwe.mitre.org/data/definitions/502.html)",https://github.com/run-llama/llama_index/releases/tag/v0.14.16,,
candidate-rss-6142a7a3dc293c72,candidate,,,https://github.com/run-llama/llama_index/releases.atom,2026-05-12T11:22:18Z,98.27018206902851,0,not_gap,harden;model;restore,,https://github.com/run-llama/llama_index/releases/tag/v0.14.15,,
candidate-rss-66903e44479c122b,candidate,,,https://github.com/run-llama/llama_index/releases.atom,2026-05-12T11:22:18Z,108.86709458897066,0,not_gap,harden;model,,https://github.com/run-llama/llama_index/releases/tag/v0.14.14,,
candidate-rss-321d5c08ec1f1876,candidate,,,https://github.com/run-llama/llama_index/releases.atom,2026-05-12T11:22:18Z,103.75218482723976,0,not_gap,harden;model;restore,,https://github.com/run-llama/llama_index/releases/tag/v0.14.13,,
candidate-rss-0b4cc17294726ef8,candidate,,,https://github.com/run-llama/llama_index/releases.atom,2026-05-12T11:22:18Z,106.90806365884106,0,not_gap,harden;model;restore,,https://github.com/run-llama/llama_index/releases/tag/v0.14.12,,
candidate-rss-a82ddf11c8e74129,candidate,,,https://github.com/run-llama/llama_index/releases.atom,2026-05-12T11:22:18Z,14.77315155436205,0,not_gap,detect;harden;model,,https://github.com/run-llama/llama_index/releases/tag/v0.14.10,,
candidate-rss-8c8333b8aa096061,candidate,,,https://github.com/vllm-project/vllm/releases.atom,2026-05-12T11:22:12Z,45.89809397258271,0,not_gap,detect;harden,,https://github.com/vllm-project/vllm/releases/tag/v0.20.2,,
candidate-rss-5a0ffa1fea7745cc,candidate,,,https://github.com/vllm-project/vllm/releases.atom,2026-05-12T11:22:12Z,54.722395569128096,0,not_gap,harden;model,,https://github.com/vllm-project/vllm/releases/tag/v0.20.1,,
candidate-rss-7c5e3f18398bc56c,candidate,,,https://github.com/vllm-project/vllm/releases.atom,2026-05-12T11:22:12Z,16.608903871982058,0,not_gap,detect;harden;model,,https://github.com/vllm-project/vllm/releases/tag/v0.20.2rc0,,
candidate-rss-f59b93b2b058190f,candidate,,,https://github.com/vllm-project/vllm/releases.atom,2026-05-12T11:22:12Z,19.42455632351219,0,not_gap,detect;model,,https://github.com/vllm-project/vllm/releases/tag/v0.20.1rc0,,
candidate-rss-0a19820c0d1020c1,candidate,,,https://github.com/vllm-project/vllm/releases.atom,2026-05-12T11:22:12Z,137.81757834935848,0,not_gap,harden;model,,https://github.com/vllm-project/vllm/releases/tag/v0.20.0,,
candidate-rss-8bbe018532a6c309,candidate,,,https://github.com/vllm-project/vllm/releases.atom,2026-05-12T11:22:12Z,18.26906979400849,0,not_gap,detect;harden;model,,https://github.com/vllm-project/vllm/releases/tag/v0.20.0rc1,,
candidate-rss-909c764660c2b075,candidate,,,https://github.com/vllm-project/vllm/releases.atom,2026-05-12T11:22:12Z,12.901796401716457,0,not_gap,detect;harden,,https://github.com/vllm-project/vllm/releases/tag/v0.19.2rc0,,
candidate-rss-b2987661bc7a04bd,candidate,,,https://github.com/vllm-project/vllm/releases.atom,2026-05-12T11:22:12Z,40.393064256641615,0,not_gap,harden;model,,https://github.com/vllm-project/vllm/releases/tag/v0.19.1,,
candidate-rss-074c27009a41395d,candidate,,,https://github.com/vllm-project/vllm/releases.atom,2026-05-12T11:22:12Z,19.89386592140322,0,not_gap,detect;harden;model,,https://github.com/vllm-project/vllm/releases/tag/v0.19.1rc0,,
candidate-rss-a547b0eb7cfaf1c4,candidate,,,https://github.com/vllm-project/vllm/releases.atom,2026-05-12T11:22:12Z,98.69889866035489,0,not_gap,harden;model,,https://github.com/vllm-project/vllm/releases/tag/v0.19.0,,
candidate-rss-71fd5cf046473d62,candidate,,,https://github.com/langchain-ai/langchain/releases.atom,2026-05-12T11:22:03Z,102.23576876524581,0,not_gap,harden;model,,https://github.com/langchain-ai/langchain/releases/tag/langchain-core%3D%3D1.4.0,,
candidate-rss-698b0bd892f5a807,candidate,,,https://github.com/langchain-ai/langchain/releases.atom,2026-05-12T11:22:03Z,19.75672002145609,0,not_gap,harden;model,,https://github.com/langchain-ai/langchain/releases/tag/langchain%3D%3D1.2.18,,
candidate-rss-f908e1d00ee7fe28,candidate,,,https://github.com/langchain-ai/langchain/releases.atom,2026-05-12T11:22:03Z,23.912182512850976,0,not_gap,evict;harden;model,,https://github.com/langchain-ai/langchain/releases/tag/langchain-core%3D%3D0.3.86,,
candidate-rss-e3c646e7b706bd1a,candidate,,,https://github.com/langchain-ai/langchain/releases.atom,2026-05-12T11:22:03Z,19.357768009245767,0,not_gap,harden;model,,https://github.com/langchain-ai/langchain/releases/tag/langchain-classic%3D%3D1.0.7,,
candidate-rss-925ab7076b2e1509,candidate,,,https://github.com/langchain-ai/langchain/releases.atom,2026-05-12T11:22:03Z,18.434571632812442,0,not_gap,model,,https://github.com/langchain-ai/langchain/releases/tag/langchain%3D%3D0.3.30,,
candidate-rss-55007e930f7591f5,candidate,,,https://github.com/langchain-ai/langchain/releases.atom,2026-05-12T11:22:03Z,116.64017589509453,0,not_gap,model;restore,,https://github.com/langchain-ai/langchain/releases/tag/langchain%3D%3D1.3.0a2,,
candidate-rss-7d62e88cdcc34b54,candidate,,,https://github.com/langchain-ai/langchain/releases.atom,2026-05-12T11:22:03Z,19.54998161008021,0,not_gap,harden;model,,https://github.com/langchain-ai/langchain/releases/tag/langchain-mistralai%3D%3D1.1.4,,
candidate-rss-068f8f6c5b2a0c1d,candidate,,,https://github.com/langchain-ai/langchain/releases.atom,2026-05-12T11:22:03Z,34.29825706406303,0,not_gap,harden;model,,https://github.com/langchain-ai/langchain/releases/tag/langchain-fireworks%3D%3D1.3.1,,
candidate-rss-6c1478fa97943a56,candidate,,,https://github.com/langchain-ai/langchain/releases.atom,2026-05-12T11:22:03Z,27.610423329221483,0,not_gap,harden;model,,https://github.com/langchain-ai/langchain/releases/tag/langchain-core%3D%3D1.3.3,,
candidate-rss-aae67cc4bc6b5555,candidate,,,https://github.com/langchain-ai/langchain/releases.atom,2026-05-12T11:22:03Z,21.480750811095877,0,not_gap,harden;model,,https://github.com/langchain-ai/langchain/releases/tag/langchain-core%3D%3D0.3.85,,
candidate-rss-f1824c9852934da5,candidate,ghsa_api,GHSA-vw3h-q6xq-jjm5,ghsa_api,2026-05-12T11:21:59Z,40.8327110457879,0,not_gap,detect;evict;harden;model,"CWE-400: Resource exhaustion — denial-of-wallet on LLM inference (long contexts, ReDoS, recursive prompt loops); harden quotas, detect anomalous spend. (conf 0.75; src https://cwe.mitre.org/data/definitions/400.html);CWE-770: Allocation without limits — concurrent inference requests, batch sizes, context lengths; harden quotas, detect spike patterns. (conf 0.75; src https://cwe.mitre.org/data/definitions/770.html)",https://github.com/openclaw/openclaw/security/advisories/GHSA-vw3h-q6xq-jjm5;https://github.com/openclaw/openclaw/pull/63890;https://github.com/openclaw/openclaw/commit/afadb7dae6738819ad9c7d2597ace0516957d20e;https://github.com/advisories/GHSA-vw3h-q6xq-jjm5,,
candidate-rss-e08b8cf30a391672,candidate,ghsa_api,GHSA-8372-7vhw-cm6q,ghsa_api,2026-05-12T11:21:59Z,49.52661876385921,0,not_gap,harden;model,,https://github.com/openclaw/openclaw/security/advisories/GHSA-8372-7vhw-cm6q;https://github.com/openclaw/openclaw/pull/66030;https://github.com/openclaw/openclaw/commit/86734ef93a2f25063371b04f1946eb300548acd4;https://github.com/advisories/GHSA-8372-7vhw-cm6q,,
candidate-rss-81b96c779cc37dd1,candidate,ghsa_api,GHSA-66r7-m7xm-v49h,ghsa_api,2026-05-12T11:21:59Z,53.725735865601905,0,not_gap,harden;isolate,"CWE-22: Path traversal in model-loading or RAG-document paths can read arbitrary files; harden path normalization, isolate the filesystem view. (conf 0.70; src https://cwe.mitre.org/data/definitions/22.html)",https://github.com/openclaw/openclaw/security/advisories/GHSA-66r7-m7xm-v49h;https://github.com/openclaw/openclaw/pull/63271;https://github.com/openclaw/openclaw/commit/604777e4414cc3b2ff8861f18f4fb04374c702c6;https://github.com/advisories/GHSA-66r7-m7xm-v49h,,
candidate-rss-297100e19fb10055,candidate,ghsa_api,GHSA-mw35-8rx3-xf9r,ghsa_api,2026-05-12T11:21:59Z,91.05425848712524,0,not_gap,harden;isolate;model,"CWE-502: Deserialization of untrusted data — pickle attacks on model weights, joblib/numpy artifacts; harden via safetensors, isolate load context. (conf 0.85; src https://cwe.mitre.org/data/definitions/502.html);CWE-94: Code injection via LLM-generated code execution and prompt injection; harden code-eval boundaries, isolate execution context. (conf 0.85; src https://cwe.mitre.org/data/definitions/94.html)",https://github.com/ray-project/ray/security/advisories/GHSA-mw35-8rx3-xf9r;https://github.com/ray-project/ray/pull/54831;https://github.com/advisories/GHSA-mw35-8rx3-xf9r,,
candidate-rss-f41f6cf858a75f9f,candidate,ghsa_api,GHSA-9c4q-hq6p-c237,ghsa_api,2026-05-12T11:21:59Z,165.43874145685183,0,not_gap,harden;model,"CWE-287: Improper authentication on inference servers and agent endpoints; harden auth boundary. (conf 0.70; src https://cwe.mitre.org/data/definitions/287.html);CWE-306: Missing authentication on critical functions — common in self-hosted inference servers (Ollama, vLLM, etc.); harden default-deny. (conf 0.80; src https://cwe.mitre.org/data/definitions/306.html)",https://github.com/minio/minio/security/advisories/GHSA-9c4q-hq6p-c237;https://github.com/minio/minio/pull/16484;https://github.com/minio/minio/commit/76913a9fd5c6e5c2dbd4e8c7faf56ed9e9e24091;https://nvd.nist.gov/vuln/detail/CVE-2026-40344;https://github.com/advisories/GHSA-9c4q-hq6p-c237,,
candidate-rss-f79c641f2b450ab2,candidate,ghsa_api,GHSA-hv4r-mvr4-25vw,ghsa_api,2026-05-12T11:21:59Z,119.36794109955423,0,not_gap,harden;model,CWE-287: Improper authentication on inference servers and agent endpoints; harden auth boundary. (conf 0.70; src https://cwe.mitre.org/data/definitions/287.html),https://github.com/minio/minio/security/advisories/GHSA-hv4r-mvr4-25vw;https://github.com/minio/minio/commit/76913a9fd5c6e5c2dbd4e8c7faf56ed9e9e24091;https://nvd.nist.gov/vuln/detail/CVE-2026-41145;https://github.com/minio/minio/pull/16484;https://github.com/advisories/GHSA-hv4r-mvr4-25vw,,
candidate-rss-df4de257556d2e8a,candidate,ghsa_api,GHSA-jcjw-58rv-c452,ghsa_api,2026-05-12T11:21:59Z,183.16190026123448,0,not_gap,detect;harden;model,,https://github.com/getkirby/kirby/security/advisories/GHSA-jcjw-58rv-c452;https://github.com/getkirby/kirby/releases/tag/4.9.0;https://github.com/getkirby/kirby/releases/tag/5.4.0;https://nvd.nist.gov/vuln/detail/CVE-2026-34587;https://github.com/advisories/GHSA-jcjw-58rv-c452,,
candidate-rss-3e3521f35d11d9d8,candidate,ghsa_api,GHSA-r7cg-qjjm-xhqq,ghsa_api,2026-05-12T11:21:59Z,177.11030641411773,0,not_gap,detect;harden;model,,https://github.com/webonyx/graphql-php/security/advisories/GHSA-r7cg-qjjm-xhqq;https://github.com/webonyx/graphql-php/commit/7b7f2080ca5f7d5340a696fc5701b19a9222d2c2;https://github.com/webonyx/graphql-php/releases/tag/v15.32.3;https://github.com/advisories/GHSA-r7cg-qjjm-xhqq,,
candidate-rss-01bfc2a004468554,candidate,ghsa_api,GHSA-fj4g-2p96-q6m3,ghsa_api,2026-05-12T11:21:59Z,197.6362226132017,0,not_gap,harden;model,"CWE-306: Missing authentication on critical functions — common in self-hosted inference servers (Ollama, vLLM, etc.); harden default-deny. (conf 0.80; src https://cwe.mitre.org/data/definitions/306.html)",https://github.com/Jovancoding/Network-AI/security/advisories/GHSA-fj4g-2p96-q6m3;https://github.com/advisories/GHSA-fj4g-2p96-q6m3,,
candidate-rss-2e6ed8bdd3cc58c5,candidate,ghsa_api,GHSA-64cv-vxpr-j6vc,ghsa_api,2026-05-12T11:21:59Z,196.756534127768,0,not_gap,harden;isolate;model,"CWE-918: SSRF — inference servers and agents that fetch arbitrary URLs (RAG, tool-use); harden URL allowlists, isolate egress. (conf 0.80; src https://cwe.mitre.org/data/definitions/918.html)",https://github.com/openedx/edx-enterprise/security/advisories/GHSA-64cv-vxpr-j6vc;https://github.com/advisories/GHSA-64cv-vxpr-j6vc,,
candidate-rss-3a49bbfe9ddcb365,candidate,ghsa_api,GHSA-h5x4-m2qf-r4f2,ghsa_api,2026-05-12T11:21:59Z,68.17771971993157,0,not_gap,detect;harden;model,"CWE-89: SQL injection via LLM-generated queries or NL2SQL pipelines; harden parameterization, detect anomalous queries. (conf 0.75; src https://cwe.mitre.org/data/definitions/89.html)",https://github.com/diesel-rs/diesel/pull/5042;https://rustsec.org/advisories/RUSTSEC-2026-0111.html;https://github.com/advisories/GHSA-h5x4-m2qf-r4f2,,
candidate-rss-ce17ff51e2620fbc,candidate,ghsa_api,GHSA-g485-8j3v-p6x8,ghsa_api,2026-05-12T11:21:59Z,116.68345106902204,0,not_gap,detect;harden;model,"CWE-79: XSS in AI-app frontends (chat UIs, dashboards) and rendered LLM output; harden output encoding, detect script-injection patterns. (conf 0.70; src https://cwe.mitre.org/data/definitions/79.html)",https://github.com/tdurieux/anonymous_github/security/advisories/GHSA-g485-8j3v-p6x8;https://github.com/advisories/GHSA-g485-8j3v-p6x8,,
candidate-rss-d0064b43ce2187c3,candidate,ghsa_api,GHSA-752w-5fwx-jx9f,ghsa_api,2026-05-12T11:21:59Z,117.27278829946155,0,not_gap,harden;isolate;model,,https://github.com/jpadilla/pyjwt/security/advisories/GHSA-752w-5fwx-jx9f;https://nvd.nist.gov/vuln/detail/CVE-2026-32597;https://lists.debian.org/debian-lts-announce/2026/05/msg00008.html;https://github.com/advisories/GHSA-752w-5fwx-jx9f,,
candidate-rss-4a703d0c86dd34e3,candidate,ghsa_api,GHSA-r39h-4c2p-3jxp,ghsa_api,2026-05-12T11:21:59Z,99.4281370623952,0,not_gap,harden;isolate;model,"CWE-94: Code injection via LLM-generated code execution and prompt injection; harden code-eval boundaries, isolate execution context. (conf 0.85; src https://cwe.mitre.org/data/definitions/94.html)",https://github.com/openclaw/openclaw/security/advisories/GHSA-r39h-4c2p-3jxp;https://github.com/openclaw/openclaw/commit/993781e6e6eaf50f033cfc3e3bf4f47059740707;https://github.com/advisories/GHSA-r39h-4c2p-3jxp,,
candidate-rss-9aec93526179bb1a,candidate,ghsa_api,GHSA-cwj3-vqpp-pmxr,ghsa_api,2026-05-12T11:21:59Z,97.82347299541608,0,not_gap,harden;isolate;model,"CWE-862: Missing authorization on critical functions; isolate function-level access, harden default-deny. (conf 0.75; src https://cwe.mitre.org/data/definitions/862.html)",https://github.com/openclaw/openclaw/security/advisories/GHSA-cwj3-vqpp-pmxr;https://github.com/openclaw/openclaw/commit/bceda6089aa7b3695cc7696b43c61ae3d01bb0ec;https://github.com/advisories/GHSA-cwj3-vqpp-pmxr,,
candidate-rss-916a7f088fe42177,candidate,ghsa_api,GHSA-8m7c-8m39-rv4x,ghsa_api,2026-05-12T11:21:59Z,90.86520286385125,0,not_gap,harden;model,,https://github.com/awslabs/tough/security/advisories/GHSA-8m7c-8m39-rv4x;https://nvd.nist.gov/vuln/detail/CVE-2026-6966;https://aws.amazon.com/security/security-bulletins/2026-019-aws;https://crates.io/crates/tough/0.22.0;https://crates.io/crates/tuftool/0.15.0;https://github.com/awslabs/tough/releases/tag/tough-v0.22.0;https://github.com/awslabs/tough/releases/tag/tuftool-v0.15.0;https://github.com/advisories/GHSA-8m7c-8m39-rv4x,,
candidate-rss-d6c130e445bd9534,candidate,ghsa_api,GHSA-4v58-8p28-2rq3,ghsa_api,2026-05-12T11:21:59Z,106.43204582950204,0,not_gap,harden;model,,https://github.com/awslabs/tough/security/advisories/GHSA-4v58-8p28-2rq3;https://nvd.nist.gov/vuln/detail/CVE-2026-6967;https://aws.amazon.com/security/security-bulletins/2026-019-aws;https://crates.io/crates/tough/0.22.0;https://crates.io/crates/tuftool/0.15.0;https://github.com/awslabs/tough/releases/tag/tough-v0.22.0;https://github.com/awslabs/tough/releases/tag/tuftool-v0.15.0;https://github.com/advisories/GHSA-4v58-8p28-2rq3,,
candidate-rss-ee664236f0037231,candidate,ghsa_api,GHSA-qcmw-8mm4-4p28,ghsa_api,2026-05-12T11:21:59Z,85.27842994172273,0,not_gap,evict;harden;model,,https://github.com/antrea-io/antrea/security/advisories/GHSA-qcmw-8mm4-4p28;https://github.com/antrea-io/antrea/pull/7757;https://github.com/antrea-io/antrea/pull/7759;https://github.com/antrea-io/antrea/commit/738bad662b20a5d358d19466936176ef580a9b07;https://github.com/antrea-io/antrea/blob/main/docs/traffic-encryption.md;https://nvd.nist.gov/vuln/detail/CVE-2026-34992;https://github.com/advisories/GHSA-qcmw-8mm4-4p28,,
candidate-rss-31c1806af020533c,candidate,ghsa_api,GHSA-89g2-xw5c-v95p,ghsa_api,2026-05-12T11:21:59Z,172.52979635803447,0,not_gap,harden;model,,https://github.com/icip-cas/PPTAgent/security/advisories/GHSA-89g2-xw5c-v95p;https://nvd.nist.gov/vuln/detail/CVE-2026-42079;https://github.com/icip-cas/PPTAgent/commit/418491a9a1c02d9d93194b5973bb58df35cf9d00;https://github.com/advisories/GHSA-89g2-xw5c-v95p,,
candidate-rss-500d6301572311e6,candidate,ghsa_api,GHSA-qm9p-p5pw-jrx2,ghsa_api,2026-05-12T11:21:59Z,156.71956344202331,0,not_gap,evict;harden;model,"CWE-306: Missing authentication on critical functions — common in self-hosted inference servers (Ollama, vLLM, etc.); harden default-deny. (conf 0.80; src https://cwe.mitre.org/data/definitions/306.html)",https://github.com/WWBN/AVideo/security/advisories/GHSA-qm9p-p5pw-jrx2;https://github.com/WWBN/AVideo/commit/e6566f56a28f4556b2a0a09d03717a719dcb49da;https://github.com/advisories/GHSA-qm9p-p5pw-jrx2,,
candidate-rss-ef998da89dea6ce3,candidate,ghsa_api,GHSA-ghcv-22jf-vfxm,ghsa_api,2026-05-12T11:21:59Z,176.09214599078786,0,not_gap,harden;isolate;model,"CWE-94: Code injection via LLM-generated code execution and prompt injection; harden code-eval boundaries, isolate execution context. (conf 0.85; src https://cwe.mitre.org/data/definitions/94.html)",https://github.com/WWBN/AVideo/security/advisories/GHSA-ghcv-22jf-vfxm;https://github.com/WWBN/AVideo/commit/9f3006f9a89a34daa67a83c6ad35f450cb91fcce;https://github.com/advisories/GHSA-gph2-j4c9-vhhr;https://github.com/advisories/GHSA-ghcv-22jf-vfxm,,
candidate-rss-84e20ed17336b22f,candidate,ghsa_api,GHSA-p3hw-mv63-rf9w,ghsa_api,2026-05-12T11:21:59Z,146.63762093039492,0,not_gap,detect;harden;isolate;model,"CWE-200: Sensitive information exposure — model memorization, system-prompt leak, training-data inference; isolate sensitive context, detect exfil patterns. (conf 0.75; src https://cwe.mitre.org/data/definitions/200.html);CWE-22: Path traversal in model-loading or RAG-document paths can read arbitrary files; harden path normalization, isolate the filesystem view. (conf 0.70; src https://cwe.mitre.org/data/definitions/22.html)",https://github.com/GitoxideLabs/gitoxide/security/advisories/GHSA-p3hw-mv63-rf9w;https://github.com/advisories/GHSA-p3hw-mv63-rf9w,,
candidate-rss-ef10340fd0175486,candidate,ghsa_api,GHSA-f26g-jm89-4g65,ghsa_api,2026-05-12T11:21:59Z,160.91788786363256,0,not_gap,harden;isolate;model,"CWE-77: Command injection via LLM-tool wrappers (shell, code-exec) is high-impact; harden tool input templates, isolate execution sandbox. (conf 0.80; src https://cwe.mitre.org/data/definitions/77.html)",https://github.com/GitoxideLabs/gitoxide/security/advisories/GHSA-f26g-jm89-4g65;https://github.com/advisories/GHSA-f26g-jm89-4g65,,
candidate-rss-008e211a52133cbf,candidate,ghsa_api,GHSA-x494-mj8g-cj27,ghsa_api,2026-05-12T11:21:59Z,158.86797102813213,0,not_gap,detect;harden;model,"CWE-770: Allocation without limits — concurrent inference requests, batch sizes, context lengths; harden quotas, detect spike patterns. (conf 0.75; src https://cwe.mitre.org/data/definitions/770.html)",https://github.com/GitoxideLabs/gitoxide/security/advisories/GHSA-x494-mj8g-cj27;https://github.com/advisories/GHSA-x494-mj8g-cj27,,
candidate-rss-44c2b2889c615037,candidate,ghsa_api,GHSA-pg4w-g64p-qwhj,ghsa_api,2026-05-12T11:21:59Z,204.5737707336468,0,not_gap,harden;isolate;model,"CWE-22: Path traversal in model-loading or RAG-document paths can read arbitrary files; harden path normalization, isolate the filesystem view. (conf 0.70; src https://cwe.mitre.org/data/definitions/22.html)",https://github.com/GitoxideLabs/gitoxide/security/advisories/GHSA-pg4w-g64p-qwhj;https://github.com/advisories/GHSA-pg4w-g64p-qwhj,,
candidate-rss-77d4fb71ff50df0c,candidate,ghsa_api,GHSA-fr8x-3vfx-f45h,ghsa_api,2026-05-12T11:21:59Z,154.43640766394412,0,not_gap,harden;isolate;model,"CWE-22: Path traversal in model-loading or RAG-document paths can read arbitrary files; harden path normalization, isolate the filesystem view. (conf 0.70; src https://cwe.mitre.org/data/definitions/22.html)",https://github.com/GitoxideLabs/gitoxide/security/advisories/GHSA-fr8x-3vfx-f45h;https://github.com/advisories/GHSA-fr8x-3vfx-f45h,,
candidate-rss-79409e527d2699ac,candidate,ghsa_api,GHSA-wg65-39gg-5wfj,ghsa_api,2026-05-12T11:21:59Z,106.7925873577145,0,not_gap,detect;evict;harden;isolate;model,"CWE-200: Sensitive information exposure — model memorization, system-prompt leak, training-data inference; isolate sensitive context, detect exfil patterns. (conf 0.75; src https://cwe.mitre.org/data/definitions/200.html)",https://github.com/prometheus/prometheus/security/advisories/GHSA-wg65-39gg-5wfj;https://nvd.nist.gov/vuln/detail/CVE-2026-42151;https://github.com/prometheus/prometheus/pull/18587;https://github.com/prometheus/prometheus/pull/18590;https://github.com/prometheus/prometheus/releases/tag/v3.11.3;https://github.com/prometheus/prometheus/releases/tag/v3.5.3;https://github.com/advisories/GHSA-wg65-39gg-5wfj,,
candidate-rss-b8c5f9905d25e615,candidate,ghsa_api,GHSA-8rm2-7qqf-34qm,ghsa_api,2026-05-12T11:21:59Z,70.59378489847886,0,not_gap,deceive;detect;harden;model,"CWE-400: Resource exhaustion — denial-of-wallet on LLM inference (long contexts, ReDoS, recursive prompt loops); harden quotas, detect anomalous spend. (conf 0.75; src https://cwe.mitre.org/data/definitions/400.html)",https://github.com/prometheus/prometheus/security/advisories/GHSA-8rm2-7qqf-34qm;https://nvd.nist.gov/vuln/detail/CVE-2026-42154;https://github.com/prometheus/prometheus/pull/18584;https://github.com/prometheus/prometheus/pull/18585;https://github.com/prometheus/prometheus/releases/tag/v3.11.3;https://github.com/prometheus/prometheus/releases/tag/v3.5.3;https://github.com/advisories/GHSA-8rm2-7qqf-34qm,,
candidate-rss-6da219ad72bcaddf,candidate,ghsa_api,GHSA-cw26-7653-2rp5,ghsa_api,2026-05-12T11:21:59Z,180.42152719884305,0,not_gap,harden;model,,https://github.com/photostructure/exiftool-vendored.js/security/advisories/GHSA-cw26-7653-2rp5;https://exiftool.org/TagNames;https://exiftool.org/exiftool_pod.html#stay_open-FLAG;https://github.com/advisories/GHSA-cw26-7653-2rp5,,
candidate-rss-16b4df719e493fd8,candidate,ghsa_api,GHSA-98qh-xjc8-98pq,ghsa_api,2026-05-12T11:21:59Z,183.59989001220336,0,not_gap,detect;harden;model,"CWE-770: Allocation without limits — concurrent inference requests, batch sizes, context lengths; harden quotas, detect spike patterns. (conf 0.75; src https://cwe.mitre.org/data/definitions/770.html)",https://github.com/pgjdbc/pgjdbc/security/advisories/GHSA-98qh-xjc8-98pq;https://nvd.nist.gov/vuln/detail/CVE-2026-42198;https://github.com/pgjdbc/pgjdbc/releases/tag/REL42.7.11;https://github.com/advisories/GHSA-98qh-xjc8-98pq,,
candidate-rss-5aca0cfc94bd6ee3,candidate,ghsa_api,GHSA-hffm-xvc3-vprc,ghsa_api,2026-05-12T11:21:59Z,48.8739611379942,0,not_gap,evict;harden;isolate;model,"CWE-94: Code injection via LLM-generated code execution and prompt injection; harden code-eval boundaries, isolate execution context. (conf 0.85; src https://cwe.mitre.org/data/definitions/94.html)",https://nvd.nist.gov/vuln/detail/CVE-2026-6951;https://github.com/steveukx/git-js/commit/89a2294febed5dfe737c4c735d936bb6018746a8;https://gist.github.com/KKC73/02d1d97f3410756095b501fda0ac8ca6;https://security.snyk.io/vuln/SNYK-JS-SIMPLEGIT-15456078;https://github.com/advisories/GHSA-hffm-xvc3-vprc,,
candidate-rss-fe1904d04293db5d,candidate,ghsa_api,GHSA-4gp8-rjrq-ch6q,ghsa_api,2026-05-12T11:21:59Z,58.37977923337653,0,not_gap,detect;evict;harden;isolate;model,"CWE-918: SSRF — inference servers and agents that fetch arbitrary URLs (RAG, tool-use); harden URL allowlists, isolate egress. (conf 0.80; src https://cwe.mitre.org/data/definitions/918.html)",https://github.com/OP-Engineering/link-preview-js/security/advisories/GHSA-4gp8-rjrq-ch6q;https://github.com/OP-Engineering/link-preview-js/pull/179;https://github.com/OP-Engineering/link-preview-js/commit/4396d48909fab37553c0e93e26447fe218363ede;https://github.com/OP-Engineering/link-preview-js/releases/tag/4.0.1;https://github.com/advisories/GHSA-4gp8-rjrq-ch6q,,
candidate-rss-1dd5228d1191fc75,candidate,ghsa_api,GHSA-mm2q-qcmx-gw4w,ghsa_api,2026-05-12T11:21:59Z,211.56274080557938,0,not_gap,evict;model,,https://github.com/rustfs/rustfs/security/advisories/GHSA-mm2q-qcmx-gw4w;https://github.com/advisories/GHSA-mm2q-qcmx-gw4w,,
candidate-rss-8daa2bb8d51dacb9,candidate,ghsa_api,GHSA-c2fv-2fmj-9xrx,ghsa_api,2026-05-12T11:21:59Z,42.17812289485483,0,not_gap,evict;harden;isolate,"CWE-918: SSRF — inference servers and agents that fetch arbitrary URLs (RAG, tool-use); harden URL allowlists, isolate egress. (conf 0.80; src https://cwe.mitre.org/data/definitions/918.html)",https://nvd.nist.gov/vuln/detail/CVE-2025-8267;https://github.com/felippe-regazio/ssrfcheck/issues/5;https://github.com/felippe-regazio/ssrfcheck/commit/9507b49fd764f2a1a1d1e3b9ee577b7545e6950e;https://gist.github.com/lirantal/2976840639df824cb3abe60d13c65e04;https://security.snyk.io/vuln/SNYK-JS-SSRFCHECK-9510756;https://github.com/advisories/GHSA-c2fv-2fmj-9xrx,,
candidate-rss-144c35cc713607c2,candidate,ghsa_api,GHSA-p4hc-9pjh-55c8,ghsa_api,2026-05-12T11:21:59Z,99.62992762025681,0,not_gap,harden;isolate;model,"CWE-918: SSRF — inference servers and agents that fetch arbitrary URLs (RAG, tool-use); harden URL allowlists, isolate egress. (conf 0.80; src https://cwe.mitre.org/data/definitions/918.html)",https://github.com/felippe-regazio/ssrfcheck/security/advisories/GHSA-p4hc-9pjh-55c8;https://nvd.nist.gov/vuln/detail/CVE-2025-8267;https://github.com/felippe-regazio/ssrfcheck/issues/5;https://github.com/felippe-regazio/ssrfcheck/commit/9507b49fd764f2a1a1d1e3b9ee577b7545e6950e;https://gist.github.com/lirantal/2976840639df824cb3abe60d13c65e04;https://security.snyk.io/vuln/SNYK-JS-SSRFCHECK-9510756;https://github.com/advisories/GHSA-p4hc-9pjh-55c8,,
candidate-rss-a334398d67f7451b,candidate,ghsa_api,GHSA-j4rj-2jr5-m439,ghsa_api,2026-05-12T11:21:59Z,163.0948191441068,0,not_gap,harden;isolate;model,"CWE-918: SSRF — inference servers and agents that fetch arbitrary URLs (RAG, tool-use); harden URL allowlists, isolate egress. (conf 0.80; src https://cwe.mitre.org/data/definitions/918.html)",https://github.com/felippe-regazio/ssrfcheck/security/advisories/GHSA-j4rj-2jr5-m439;https://github.com/advisories/GHSA-j4rj-2jr5-m439,,
candidate-rss-18c6fcedbdd2d955,candidate,ghsa_api,GHSA-33gv-fc78-qgf5,ghsa_api,2026-05-12T11:21:59Z,186.09944939119114,0,not_gap,detect;harden;model,"CWE-79: XSS in AI-app frontends (chat UIs, dashboards) and rendered LLM output; harden output encoding, detect script-injection patterns. (conf 0.70; src https://cwe.mitre.org/data/definitions/79.html)",https://github.com/YAFNET/YAFNET/security/advisories/GHSA-33gv-fc78-qgf5;https://github.com/YAFNET/YAFNET/releases/tag/v3.2.12;https://github.com/YAFNET/YAFNET/releases/tag/v4.0.5;https://github.com/advisories/GHSA-33gv-fc78-qgf5,,
candidate-rss-52a613e20e9c6d3c,candidate,ghsa_api,GHSA-xhw7-j96h-c3g5,ghsa_api,2026-05-12T11:21:59Z,206.12505930831148,0,not_gap,detect;harden;model,"CWE-89: SQL injection via LLM-generated queries or NL2SQL pipelines; harden parameterization, detect anomalous queries. (conf 0.75; src https://cwe.mitre.org/data/definitions/89.html)",https://github.com/YAFNET/YAFNET/security/advisories/GHSA-xhw7-j96h-c3g5;https://github.com/YAFNET/YAFNET/commit/27f7e671f93698f7e014d5d0fb88320248b8aa20;https://github.com/YAFNET/YAFNET/releases/tag/v4.0.5;https://github.com/advisories/GHSA-xhw7-j96h-c3g5,,
candidate-rss-b7bf2932a5fe933f,candidate,ghsa_api,GHSA-8rq5-wwpp-fmj2,ghsa_api,2026-05-12T11:21:59Z,180.76768085950098,0,not_gap,detect;harden;isolate;model,"CWE-79: XSS in AI-app frontends (chat UIs, dashboards) and rendered LLM output; harden output encoding, detect script-injection patterns. (conf 0.70; src https://cwe.mitre.org/data/definitions/79.html)",https://github.com/YAFNET/YAFNET/security/advisories/GHSA-8rq5-wwpp-fmj2;https://github.com/YAFNET/YAFNET/releases/tag/v3.2.12;https://github.com/YAFNET/YAFNET/releases/tag/v4.0.5;https://github.com/advisories/GHSA-8rq5-wwpp-fmj2,,
candidate-rss-deddc2905f91fe2d,candidate,ghsa_api,GHSA-v228-72c7-fx8j,ghsa_api,2026-05-12T11:21:59Z,192.36693995773334,0,not_gap,detect;harden;isolate;model,"CWE-20: Input validation gaps reach AI systems via untrusted prompts, tool args, and ingestion pipelines; harden boundary checks, detect malformed inputs at runtime. (conf 0.55; src https://cwe.mitre.org/data/definitions/20.html);CWE-918: SSRF — inference servers and agents that fetch arbitrary URLs (RAG, tool-use); harden URL allowlists, isolate egress. (conf 0.80; src https://cwe.mitre.org/data/definitions/918.html)",https://github.com/Aas-ee/open-webSearch/security/advisories/GHSA-v228-72c7-fx8j;https://github.com/advisories/GHSA-v228-72c7-fx8j,,
candidate-rss-51567ecc5a2dccbd,candidate,ghsa_api,GHSA-37w4-hwhx-4rc4,ghsa_api,2026-05-12T11:21:59Z,110.10529585402209,0,not_gap,detect;harden;model,"CWE-20: Input validation gaps reach AI systems via untrusted prompts, tool args, and ingestion pipelines; harden boundary checks, detect malformed inputs at runtime. (conf 0.55; src https://cwe.mitre.org/data/definitions/20.html)",https://github.com/jupyterlab/jupyterlab/security/advisories/GHSA-37w4-hwhx-4rc4;https://github.com/jupyterlab/jupyterlab/releases/tag/v4.5.7;https://jupyterhub.readthedocs.io/en/5.2.1/explanation/websecurity.html;https://jupyterlab.readthedocs.io/en/latest/user/extensions.html#extension-manager-implementations;https://github.com/advisories/GHSA-37w4-hwhx-4rc4,,
candidate-rss-c2c12ba5f532b41b,candidate,ghsa_api,GHSA-grgv-6hw6-v9g4,ghsa_api,2026-05-12T11:21:59Z,150.90493610609616,0,not_gap,detect;harden;model,"CWE-400: Resource exhaustion — denial-of-wallet on LLM inference (long contexts, ReDoS, recursive prompt loops); harden quotas, detect anomalous spend. (conf 0.75; src https://cwe.mitre.org/data/definitions/400.html)",https://github.com/twisted/twisted/security/advisories/GHSA-grgv-6hw6-v9g4;https://github.com/twisted/twisted/commit/e11cd82bdd79b3ebbb0e8635cbb9c76df2b5af09;https://github.com/advisories/GHSA-grgv-6hw6-v9g4,,
candidate-rss-1ddc73ae33ad9b6a,candidate,ghsa_api,GHSA-9fw6-xgg2-mq9q,ghsa_api,2026-05-12T11:21:59Z,64.43365181756441,0,not_gap,detect;evict;harden;isolate;model,"CWE-770: Allocation without limits — concurrent inference requests, batch sizes, context lengths; harden quotas, detect spike patterns. (conf 0.75; src https://cwe.mitre.org/data/definitions/770.html)",https://github.com/apernet/hysteria/security/advisories/GHSA-9fw6-xgg2-mq9q;https://github.com/advisories/GHSA-9fw6-xgg2-mq9q,,
candidate-rss-c12793cb25674b6d,candidate,ghsa_api,GHSA-cfcj-hqpf-hccf,ghsa_api,2026-05-12T11:21:59Z,174.4979615771124,0,not_gap,harden;model,,https://github.com/EvoMap/evolver/security/advisories/GHSA-cfcj-hqpf-hccf;https://github.com/advisories/GHSA-cfcj-hqpf-hccf,,
candidate-rss-91d9281a192cddd4,candidate,ghsa_api,GHSA-jxh8-jh77-xh6g,ghsa_api,2026-05-12T11:21:59Z,184.97033042819365,0,not_gap,harden;isolate;model,"CWE-78: OS command injection — common in agent shell tools; harden argv construction, isolate via sandboxes/jails. (conf 0.85; src https://cwe.mitre.org/data/definitions/78.html)",https://github.com/EvoMap/evolver/security/advisories/GHSA-jxh8-jh77-xh6g;https://github.com/advisories/GHSA-jxh8-jh77-xh6g,,
candidate-rss-cadfb10449793195,candidate,ghsa_api,GHSA-8757-69j2-hx56,ghsa_api,2026-05-12T11:21:59Z,181.11857547302128,0,not_gap,detect;isolate;model,,https://github.com/dgtlmoon/changedetection.io/security/advisories/GHSA-8757-69j2-hx56;https://github.com/advisories/GHSA-8757-69j2-hx56,,
candidate-rss-71bedcacbdc81071,candidate,ghsa_api,GHSA-838g-gr43-qqg9,ghsa_api,2026-05-12T11:21:59Z,109.59112985903352,0,not_gap,evict;harden;isolate;model,"CWE-22: Path traversal in model-loading or RAG-document paths can read arbitrary files; harden path normalization, isolate the filesystem view. (conf 0.70; src https://cwe.mitre.org/data/definitions/22.html)",https://github.com/pyload/pyload/security/advisories/GHSA-838g-gr43-qqg9;https://github.com/advisories/GHSA-838g-gr43-qqg9,,
candidate-rss-ca93b29ea7bcd491,candidate,ghsa_api,GHSA-v3vg-332r-mw99,ghsa_api,2026-05-12T11:21:59Z,72.19906299860841,0,not_gap,detect;harden;isolate;model,"CWE-502: Deserialization of untrusted data — pickle attacks on model weights, joblib/numpy artifacts; harden via safetensors, isolate load context. (conf 0.85; src https://cwe.mitre.org/data/definitions/502.html)",https://nvd.nist.gov/vuln/detail/CVE-2026-40048;https://camel.apache.org/security/CVE-2026-40048.html;http://www.openwall.com/lists/oss-security/2026/04/26/6;https://github.com/apache/camel/pull/22034;https://github.com/apache/camel/pull/22495;https://github.com/apache/camel/commit/5bdd0f1d3289dfa78116deec6c81083708bf432d;https://github.com/apache/camel/commit/5f87a86f4e337efc59248d278c6a5650e73b3b7c;https://issues.apache.org/jira/browse/CAMEL-23200;https://github.com/advisories/GHSA-v3vg-332r-mw99,,
candidate-rss-84039b6002be100b,candidate,ghsa_api,GHSA-vpr3-2659-rw55,ghsa_api,2026-05-12T11:21:59Z,62.290342293790104,0,not_gap,harden;isolate;model,"CWE-502: Deserialization of untrusted data — pickle attacks on model weights, joblib/numpy artifacts; harden via safetensors, isolate load context. (conf 0.85; src https://cwe.mitre.org/data/definitions/502.html)",https://nvd.nist.gov/vuln/detail/CVE-2026-40473;https://camel.apache.org/security/CVE-2026-40473.html;http://www.openwall.com/lists/oss-security/2026/04/26/8;https://github.com/apache/camel/pull/22583;https://github.com/apache/camel/pull/22584;https://github.com/apache/camel/pull/22585;https://github.com/apache/camel/commit/8e7f6335d2b4b096df26f8221723405ceaee275a;https://github.com/apache/camel/commit/b605816d11c253d22989abc290c198be83e3f817;https://github.com/apache/camel/commit/c35b0a3720f8c80025b06112d5d9c2932426d7f0;https://issues.apache.org/jira/browse/CAMEL-23319;https://github.com/advisories/GHSA-vpr3-2659-rw55,,
candidate-rss-81073d5609e1d052,candidate,ghsa_api,GHSA-r945-h4vm-h736,ghsa_api,2026-05-12T11:21:59Z,197.6243893152078,0,not_gap,evict;harden;model,,https://github.com/getgrav/grav/security/advisories/GHSA-r945-h4vm-h736;https://github.com/getgrav/grav-plugin-api/commit/26f529c7d438c73343e82311fb095caeaf1a6116;https://github.com/advisories/GHSA-r945-h4vm-h736,,
candidate-rss-c1afc33361c92247,candidate,nvd_api,CVE-2026-32207,nvd_api,2026-05-12T11:21:58Z,22.033997006661863,0,not_gap,detect;evict;harden,"CWE-79: XSS in AI-app frontends (chat UIs, dashboards) and rendered LLM output; harden output encoding, detect script-injection patterns. (conf 0.70; src https://cwe.mitre.org/data/definitions/79.html)",https://msrc.microsoft.com/update-guide/vulnerability/CVE-2026-32207,,
